name,address,gu,brand,gas_price,dsel_price,SELF,CWSH,LPG,MAINT,CVS,SEL24,lat,lng
(주)보성 세곡주유소,서울 강남구  헌릉로 731 (세곡동),강남구,SK에너지,1559,1469,Y,Y,N,N,N,N,37.4671565,127.1187081
HD현대오일뱅크㈜직영 산성셀프주유소,서울 강남구 헌릉로 730,강남구,HD현대오일뱅크,1569,1514,Y,Y,N,N,N,N,37.4665675,127.1190803
삼성동주유소,서울 강남구 테헤란로 619 (삼성동),강남구,HD현대오일뱅크,1573,1535,Y,Y,N,N,N,N,37.5098576,127.0651101
방죽주유소,서울 강남구 밤고개로 215 (율현동),강남구,GS칼텍스,1597,1519,Y,Y,N,N,N,N,37.4749926,127.1068866
자곡셀프주유소,서울 강남구 밤고개로 120 (자곡동),강남구,SK에너지,1598,1559,Y,Y,N,N,N,N,37.4834002,127.1040458
HD현대오일뱅크㈜직영 도곡셀프주유소,서울 강남구  남부순환로 2718 (도곡2동),강남구,HD현대오일뱅크,1619,1539,Y,Y,N,Y,N,N,37.4854623,127.0432181
오일프러스 셀프,서울 강남구 남부순환로 2651 (도곡동),강남구,SK에너지,1625,1545,Y,Y,N,Y,N,Y,37.485839,127.0396721
극동유화㈜ 개나리주유소,서울 강남구 언주로 423 (역삼동),강남구,S-OIL,1625,1535,Y,Y,N,Y,N,Y,37.5000776,127.0385419
HD현대오일뱅크㈜직영 유진주유소,서울 강남구 논현로 152 (도곡동),강남구,HD현대오일뱅크,1629,1554,N,Y,N,Y,N,N,37.4874316,127.0399976
(주)중앙에너비스 수서지점,서울 강남구 광평로 202 (수서동),강남구,SK에너지,1637,1567,Y,Y,N,N,N,N,37.4841053,127.0950401
대교셀프주유소,서울 강남구 강남대로 640 (신사동),강남구,SK에너지,1650,1620,Y,N,N,N,N,Y,37.5281292,127.0355537
SK서광주유소,서울 강남구 역삼로 142,강남구,SK에너지,1685,1615,Y,Y,N,Y,N,Y,37.4943424,127.0350915
(주)선진도곡주유소,서울 강남구 도곡로 162 (도곡동),강남구,S-OIL,1689,1598,N,Y,N,Y,N,N,37.4878254,127.0466876
SK에너지㈜ 진달래주유소,서울 강남구 도곡로 208,강남구,SK에너지,1699,1625,N,Y,N,N,N,N,37.492295,127.0418598
지에스칼텍스㈜에너지플러스허브GS타워,서울 강남구 논현로 516 (역삼동),강남구,GS칼텍스,1699,1669,Y,N,N,Y,N,Y,37.50270829999999,127.0363956
(유)동하석유 힐탑셀프주유소,서울 강남구 논현로 640,강남구,SK에너지,1737,1697,Y,Y,N,N,N,Y,37.5106887,127.0325689
대동석유 압구정주유소,서울 강남구 언주로 842 (신사동),강남구,SK에너지,1747,1697,Y,Y,N,N,N,Y,37.5253431,127.0338242
세진에너지(주) 개포주유소,서울 강남구 양재대로 339,강남구,GS칼텍스,1788,1698,Y,Y,N,N,N,N,37.4722409,127.0515134
지에스칼텍스㈜ 삼성로주유소,서울 강남구 삼성로 563 (삼성동),강남구,GS칼텍스,1859,1829,Y,Y,N,N,N,Y,37.51397499999999,127.0561274
HD현대오일뱅크㈜직영 신사현대주유소,서울 강남구 도산대로 163 (신사동),강남구,HD현대오일뱅크,1878,1834,N,Y,N,N,N,N,37.5195205,127.0263171
지에스칼텍스㈜ 은마주유소,서울 강남구 영동대로 235,강남구,GS칼텍스,1879,1849,N,Y,N,Y,N,Y,37.5000721,127.0672848
대성석유(주)동호주유소,서울 강남구 봉은사로113길 51,강남구,GS칼텍스,1899,1792,N,Y,N,N,N,N,37.518486,127.0646655
지에스칼텍스(주)학여울주유소,서울 강남구 남부순환로 3170 (일원2동),강남구,GS칼텍스,1999,1935,N,Y,N,N,N,N,37.4946762,127.0778305
HD현대오일뱅크㈜직영 한양주유소,서울 강남구 압구정로 302 (신사동),강남구,HD현대오일뱅크,2083,2026,N,Y,N,N,N,N,37.5288681,127.0341046
명품주유소,서울 강남구 도곡로 249 (역삼동),강남구,S-OIL,2128,2037,Y,Y,N,N,N,Y,37.4942704,127.0455093
(주)소모 쎈트럴주유소,서울 강남구 삼성로 335,강남구,GS칼텍스,2137,2062,N,Y,N,N,N,N,37.5014209,127.0591408
㈜새서울석유 새서울주유소,서울 강남구 압구정로 154,강남구,HD현대오일뱅크,2158,1998,N,Y,N,N,N,Y,37.525835,127.0265422
대청주유소,서울 강남구 개포로 654 (일원동),강남구,SK에너지,2195,2086,N,Y,N,N,N,N,37.49247370000001,127.085679
SK논현주유소,서울 강남구 논현로 747 (논현동),강남구,SK에너지,2345,2195,N,Y,N,Y,N,Y,37.5186368,127.028238
(주)제이제이네트웍스 제이제이주유소,서울 강남구 언주로 716,강남구,HD현대오일뱅크,2490,2380,N,Y,N,N,N,Y,37.5176472,127.0357349
(주)만정에너지 삼보주유소,서울 강남구 봉은사로 433 (삼성동),강남구,GS칼텍스,2598,2560,N,Y,N,N,N,N,37.5115207,127.0471716
재건에너지 재정제2주유소 고속셀프지점,서울특별시 강동구  천호대로 1246 (둔촌제2동),강동구,HD현대오일뱅크,1559,1469,Y,Y,N,N,N,N,37.5365133,127.1493588
(주)소모 신월주유소,서울 강동구 양재대로 1323 (성내동),강동구,GS칼텍스,1616,1538,Y,Y,N,N,N,N,37.5304933,127.128992
대성석유(주)길동주유소,서울 강동구 천호대로 1168,강동구,GS칼텍스,1616,1538,N,Y,N,N,N,N,37.5334229,127.1411725
(주)삼표에너지 고덕주유소,서울 강동구 고덕로 39 (암사동),강동구,GS칼텍스,1645,1565,Y,Y,N,N,Y,N,37.555049,127.1297929
방아다리주유소,서울 강동구 동남로 811 (명일동),강동구,SK에너지,1665,1575,Y,Y,N,N,N,N,37.5490445,127.1508229
(주)소모 성내주유소,서울 강동구 올림픽로 578 (성내동),강동구,GS칼텍스,1688,1588,Y,Y,N,Y,N,N,37.5313782,127.1273286
(주)퍼스트오일 코알라주유소,서울특별시 강동구  올림픽로 556 (성내동),강동구,S-OIL,1690,1590,Y,Y,N,N,N,N,37.5293808,127.1224408
주)지유에너지직영 오렌지주유소,서울 강동구 성안로 102 (성내동),강동구,SK에너지,1694,1594,N,Y,N,Y,N,N,37.532314,127.1331781
지에스칼텍스㈜ 동서울주유소,서울 강동구 천호대로 1456 (상일동),강동구,GS칼텍스,1699,1639,Y,Y,N,N,N,N,37.5511028,127.1696401
sk해뜨는주유소,서울 강동구  상일로 132 (강일동),강동구,SK에너지,1699,1609,Y,Y,N,Y,N,N,37.5545085,127.1724154
천호현대주유소,서울 강동구 천중로 67 (천호동),강동구,HD현대오일뱅크,1843,1743,N,Y,N,Y,N,N,37.5451331,127.129473
광성주유소,서울 강동구 올림픽로 673 (천호동),강동구,S-OIL,1968,1858,N,Y,N,Y,N,Y,37.5416117,127.1241731
수유동주유소,서울 강북구 도봉로 395 (수유동),강북구,GS칼텍스,1499,1424,Y,Y,N,N,N,Y,37.6421556,127.0295862
SK에너지(주) 매일주유소,서울 강북구 삼양로 217 (미아동),강북구,SK에너지,1499,1425,Y,Y,N,N,Y,N,37.6227977,127.0191356
북서울고속주유소,서울 강북구 삼양로 410 (수유동),강북구,SK에너지,1499,1424,Y,N,N,N,N,Y,37.6401448,127.017205
덕릉로주유소,서울 강북구 덕릉로 158 (번동),강북구,S-OIL,1515,1424,Y,Y,N,N,N,N,37.6349756,127.0313182
에덴주유소,서울 강북구 월계로 195 (번동),강북구,SK에너지,1525,1445,Y,Y,N,Y,N,N,37.6216958,127.0455344
대성석유(주)신광주유소,서울 강북구 삼양로 484,강북구,GS칼텍스,1529,1449,N,Y,N,Y,N,N,37.6464088,127.0153285
씨앤에스유통㈜ 미아셀프주유소,서울 강북구 도봉로 200 (미아동),강북구,S-OIL,1545,1455,Y,Y,N,N,N,N,37.6265292,127.0265002
㈜지에스이앤알 미아주유소,서울 강북구 도봉로 122 (미아동),강북구,GS칼텍스,1565,1475,Y,Y,N,N,N,N,37.6199964,127.0290304
세원주유소,서울 강북구 한천로 918 (번동),강북구,SK에너지,1568,1488,Y,Y,N,N,N,N,37.6342596,127.037732
HD현대오일뱅크㈜직영 번동셀프주유소,서울 강북구 한천로 963 (번동),강북구,HD현대오일뱅크,1577,1497,Y,Y,N,Y,N,Y,37.6355872,127.0330493
강서오곡셀프주유소,서울 강서구 벌말로 254 (오곡동),강서구,SK에너지,1483,1389,Y,Y,N,N,N,Y,37.5539622,126.7684275
뉴신정주유소,서울 강서구 곰달래로 207 (화곡동),강서구,알뜰주유소,1494,1419,N,N,N,Y,N,N,37.5315796,126.8560524
목화주유소,서울 강서구 국회대로 251 (화곡동),강서구,알뜰주유소,1494,1419,Y,Y,N,N,N,N,37.5300403,126.8629825
화곡역주유소,서울 강서구 강서로 154 (화곡동),강서구,알뜰주유소,1494,1419,Y,N,N,N,N,Y,37.5407186,126.8415303
이케이에너지(주) 강서주유소,서울 강서구 화곡로 273 (화곡동),강서구,HD현대오일뱅크,1494,1419,Y,Y,N,Y,N,N,37.549163,126.8469964
스카이주유소,서울 강서구 개화동로 457 (방화동),강서구,S-OIL,1495,1443,Y,Y,N,N,Y,Y,37.5714858,126.8043806
행촌에너지 공항주유소,서울 강서구 개화동로 420 (개화동),강서구,HD현대오일뱅크,1495,1443,Y,Y,N,Y,Y,Y,37.574611,126.8023029
지에스칼텍스㈜ 경인고속주유소,서울 강서구 국회대로 225 (화곡동),강서구,GS칼텍스,1499,1429,Y,Y,Y,Y,N,Y,37.5296209,126.859797
KH에너지(주)직영 KH외발산주유소,서울 강서구 방화대로 30,강서구,SK에너지,1520,1450,Y,Y,Y,Y,Y,N,37.5434208,126.816863
(주)한진 김포공항주유소,서울 강서구 하늘길 259,강서구,S-OIL,1540,1495,Y,Y,N,N,N,N,37.5507763,126.8155549
하이웨이주유소,서울특별시 강서구 공항대로 432(화곡동),강서구,S-OIL,1569,1494,Y,Y,N,N,Y,Y,37.5546677,126.8548053
HD현대오일뱅크㈜직영 양화교셀프주유소,서울 강서구 공항대로 653,강서구,HD현대오일뱅크,1569,1504,Y,Y,N,N,N,N,37.5473368,126.8774764
현대오일뱅크 등촌주유소,서울 강서구 등촌로 189 (등촌동),강서구,HD현대오일뱅크,1576,1496,N,Y,N,N,N,N,37.546808,126.8625545
개화주유소,서울 강서구 양천로 57,강서구,SK에너지,1577,1497,Y,Y,N,N,N,N,37.5735014,126.8100943
대성석유(주) 관문주유소,서울 강서구 공항대로 314,강서구,GS칼텍스,1578,1538,N,Y,N,Y,N,N,37.5577232,126.8425243
화곡현대주유소,서울 강서구 강서로 151 (화곡동),강서구,SK에너지,1580,1546,Y,Y,N,N,N,Y,37.5402614,126.8411983
강서열린주유소,서울 강서구 등촌로 213 (등촌동),강서구,GS칼텍스,1588,1498,N,Y,N,N,N,N,37.54871199999999,126.8630628
신화곡주유소,서울 강서구 국회대로 71,강서구,S-OIL,1595,1495,Y,Y,N,N,N,N,37.5272579,126.8428896
대성석유(주)방화대성주유소,서울 강서구 양천로 176,강서구,GS칼텍스,1596,1538,Y,Y,N,N,Y,N,37.5728815,126.8234821
HD현대오일뱅크㈜직영 가양주유소,서울 강서구  양천로 391 (가양동),강서구,HD현대오일뱅크,1599,1559,N,Y,N,N,N,N,37.5678802,126.8510787
세원제1주유소,서울 강서구 양천로 311 (가양동),강서구,SK에너지,1608,1568,Y,Y,N,Y,N,N,37.5678802,126.8510787
대성주유소,서울 강서구 강서로 472,강서구,GS칼텍스,1618,1558,N,Y,N,Y,N,N,37.5675028,126.8414186
SK KH에너지 가양주유소,서울 강서구 강서로 498 (가양동),강서구,SK에너지,1618,1578,N,Y,N,Y,Y,Y,37.5697823,126.8419022
박물관주유소,서울 강서구 양천로53길 97 (가양동),강서구,GS칼텍스,1658,1598,N,Y,N,Y,Y,N,37.5657849,126.8451216
코리나(주)청룡주유소,서울 강서구 양천로 576,강서구,SK에너지,1678,1598,N,Y,N,N,N,N,37.5567325,126.862765
참솔에너지,서울 강서구 벌말로 281 (오곡동),강서구,S-OIL,1760,1680,Y,Y,N,N,N,N,37.5562519,126.7684491
염창동주유소,서울 강서구 양천로 720 (염창동),강서구,SK에너지,1935,1860,N,Y,N,N,N,N,37.5491113,126.8757906
HD현대오일뱅크㈜직영 문성골주유소,서울 관악구 문성로 97 (신림동),관악구,HD현대오일뱅크,1559,1464,N,Y,N,N,N,N,37.4777941,126.9143022
(주)연우에너지 신관주유소,서울 관악구 신림로 290 (신림동),관악구,알뜰주유소,1564,1464,Y,Y,N,N,N,N,37.480413,126.9306665
(주)한유에너지행운셀프주유소,서울 관악구 남부순환로 1883 (봉천동),관악구,SK에너지,1564,1464,Y,Y,N,N,N,N,37.4791083,126.9591697
대양석유(주)직영 보라매주유소,서울 관악구  보라매로 26 (봉천동),관악구,SK에너지,1569,1474,Y,Y,N,N,N,N,37.4916874,126.9271603
서일석유(주)락성주유소,서울 관악구 남부순환로 1920 (봉천동),관악구,GS칼텍스,1575,1475,Y,Y,N,Y,N,Y,37.47717919999999,126.9623883
SK에너지(주) 신봉천,서울 관악구 남부순환로 1880 (봉천동),관악구,SK에너지,1595,1495,N,Y,N,N,Y,N,37.4787572,126.9583432
SK에너지(주)직영 대공원주유소,서울 관악구 과천대로 921 (남현동),관악구,SK에너지,1595,1495,N,Y,N,Y,Y,N,37.4728556,126.9821515
유림주유소,서울 관악구 신림로 176 (신림동),관악구,S-OIL,1598,1498,N,Y,N,Y,N,Y,37.4737247,126.93488
관악시몬주유소,서울특별시 관악구 남부순환로 1753 (봉천동),관악구,S-OIL,1665,1565,N,Y,N,N,N,N,37.4823585,126.945101
CJ대한통운㈜ 신림주유소,서울 관악구 남부순환로 1515 (신림동),관악구,GS칼텍스,1748,1668,N,Y,N,N,N,N,37.4829496,126.9189553
(주)창원CW,서울 광진구 광나루로 460 (화양동),광진구,HD현대오일뱅크,1519,1435,Y,Y,N,N,N,N,37.5451042,127.0804969
HD현대오일뱅크㈜직영 능동주유소,서울 광진구 천호대로 584 (능동),광진구,HD현대오일뱅크,1519,1435,Y,Y,N,Y,N,Y,37.5555551,127.082455
태양주유소,서울 광진구 동일로 345 (중곡동),광진구,HD현대오일뱅크,1524,1444,N,N,N,N,N,Y,37.56354400000001,127.0888304
(주)장수주유소,서울 광진구 동일로 266 (군자동),광진구,SK에너지,1527,1447,Y,N,N,Y,N,Y,37.5549721,127.0715197
HD현대오일뱅크㈜직영 중원셀프주유소,서울 광진구 동일로 398 (중곡동),광진구,HD현대오일뱅크,1528,1449,Y,Y,N,N,N,N,37.56354400000001,127.0888304
HD현대오일뱅크㈜직영 중곡현대주유소,서울 광진구 동일로 435 (중곡동),광진구,HD현대오일뱅크,1528,1449,Y,Y,N,N,N,N,37.56094119999999,127.0957458
HD현대오일뱅크㈜직영 장호셀프주유소,서울 광진구 자양로 37 (자양동),광진구,HD현대오일뱅크,1528,1455,Y,Y,N,Y,N,N,37.5312783,127.0858325
정해네트웍스(주)일진주유소,서울 광진구 동일로 413 (중곡동),광진구,S-OIL,1567,1487,Y,Y,N,N,N,Y,37.56354400000001,127.0888304
삼호주유소,서울 광진구 천호대로 809 (광장동),광진구,S-OIL,1697,1597,Y,Y,N,N,N,Y,37.5456356,127.1037341
유니스에너지 자양주유소,서울 광진구 아차산로 298 (자양동),광진구,SK에너지,1698,1598,N,Y,N,N,N,N,37.531692,127.074516
강평주유소 ㈜강평텔레콤,서울 광진구 아차산로 616,광진구,SK에너지,1798,1697,N,Y,N,N,N,N,37.5476119,127.1072051
서서울고속주유소,서울 구로구 경인로 150 (오류동),구로구,SK에너지,1479,1414,Y,Y,N,N,N,Y,37.49167509999999,126.8428418
㈜자연에너지 고척주유소,서울 구로구 고척로 199 (고척동),구로구,HD현대오일뱅크,1479,1414,Y,Y,N,N,N,N,37.5051273,126.8554406
씨앤에스유통(주) 구로드림주유소,서울 구로구 경인로 41 (온수동),구로구,S-OIL,1490,1415,Y,Y,N,N,N,N,37.4903245,126.8256021
SK구로주유소,서울 구로구 구일로 94 (구로동),구로구,SK에너지,1515,1425,N,Y,N,N,N,N,37.4936018,126.872189
극동유화(주) 항동주유소,서울 구로구 서해안로 2154 (항동),구로구,S-OIL,1519,1449,Y,Y,N,N,N,N,37.4834391,126.8278279
신성주유소,서울 구로구 구로동로 187 (구로제2동),구로구,HD현대오일뱅크,1525,1435,Y,Y,N,N,N,N,37.4951588,126.8823886
대원셀프주유소,서울 구로구 개봉로 7,구로구,HD현대오일뱅크,1525,1435,Y,Y,N,N,N,N,37.4861643,126.8561585
(주)한미석유구로그린주유소,서울 구로구 구로중앙로 76 (구로동),구로구,GS칼텍스,1525,1435,Y,Y,N,Y,N,N,37.4963064,126.8884444
구인주유소,서울 구로구 경인로 558 (구로동),구로구,SK에너지,1525,1435,N,Y,N,Y,Y,N,37.5042779,126.8860944
대성산업(주)디큐브주유소,서울 구로구 경인로 650 (신도림동),구로구,GS칼텍스,1539,1469,N,N,N,N,N,Y,37.5078855,126.8870874
HD현대오일뱅크㈜직영 구로셀프주유소,서울 구로구 시흥대로 531,구로구,HD현대오일뱅크,1574,1474,Y,Y,N,Y,N,Y,37.4810027,126.8992662
SK에너지(주)직영 개봉동주유소,서울 구로구 경인로 290 (개봉동),구로구,SK에너지,1577,1514,N,Y,N,N,N,N,37.4863899,126.8567675
HD현대오일뱅크㈜직영 신구로주유소,서울 구로구 가마산로 293 (구로동),구로구,HD현대오일뱅크,1584,1513,N,Y,N,N,N,N,37.4975223,126.8924841
개봉주유소,서울 구로구 고척로 115 (개봉동),구로구,HD현대오일뱅크,1597,1497,Y,Y,N,N,N,N,37.50193720000001,126.8468175
동아주유소,서울 구로구 도림로 91 (구로동),구로구,S-OIL,1798,1598,N,N,N,N,Y,N,37.4908509,126.8931878
JHC에너지,서울 구로구 시흥대로 539,구로구,HD현대오일뱅크,1853,1763,N,N,N,Y,N,N,37.4815266,126.8998375
구광주유소,서울 금천구 서부샛길 674 (가산동),금천구,S-OIL,1515,1425,N,Y,N,N,N,N,37.4820373,126.8751711
(주)화동유업 화동주유소,서울 금천구 시흥대로 484,금천구,SK에너지,1523,1446,Y,Y,N,N,N,N,37.4767974,126.8991596
HD현대오일뱅크㈜직영 금천현대셀프주유소,서울 금천구 독산로 147 (시흥동),금천구,HD현대오일뱅크,1524,1447,Y,Y,N,N,N,N,37.460506,126.9045162
백산주유소,서울특별시 금천구  시흥대로 174 (시흥동),금천구,S-OIL,1575,1475,Y,Y,N,Y,N,N,37.4496856,126.9029496
지에스칼텍스(주)일신주유소,서울 금천구 시흥대로 118,금천구,GS칼텍스,1579,1479,Y,Y,N,N,N,N,37.4444739,126.9042657
현대오일뱅크㈜직영 금천제일주유소,서울 금천구 남부순환로 1410 (독산동),금천구,HD현대오일뱅크,1579,1479,N,Y,N,N,N,N,37.4802077,126.9074805
대득에너지(금천셀프주유소),서울 금천구  시흥대로 81 (시흥동),금천구,GS칼텍스,1595,1495,Y,Y,N,N,Y,Y,37.4412805,126.9029246
SK에너지(주) 이가주유소,서울 금천구 시흥대로 441,금천구,SK에너지,1595,1495,N,Y,N,Y,N,N,37.4730289,126.8979341
이엠석유(주)배꽃나라주유소,서울 노원구 화랑로 466 (공릉1동),노원구,GS칼텍스,1505,1435,Y,Y,N,Y,N,N,37.6238137,127.0735097
월계주유소,서울 노원구 월계로 252 (월계동),노원구,GS칼텍스,1525,1445,Y,Y,N,Y,N,N,37.6247784,127.0507659
(주)정건에너지직영,서울 노원구 노원로17길 29 (하계동),노원구,HD현대오일뱅크,1525,1445,Y,Y,N,N,N,N,37.642188,127.0703943
화랑대주유소,서울 노원구 화랑로 483,노원구,HD현대오일뱅크,1535,1435,Y,Y,N,N,N,N,37.61957719999999,127.0806305
삼육주유소,서울 노원구 화랑로 822 (공릉동),노원구,SK에너지,1535,1465,Y,Y,N,N,N,N,37.6386379,127.1090597
성북역주유소,서울 노원구 광운로 95 (월계동),노원구,GS칼텍스,1538,1468,N,Y,N,N,N,N,37.625771,127.0599365
태릉솔밭주유소,서울 노원구 노원로 49 (공릉동),노원구,S-OIL,1545,1475,Y,Y,N,N,N,Y,37.6259652,127.0855897
한신주유소,서울 노원구 동일로 1089 (공릉동),노원구,S-OIL,1550,1490,Y,Y,N,N,N,N,37.6304722,127.0909904
남선석유(주)구도일주유소 불암,서울 노원구 한글비석로 268 (중계동),노원구,S-OIL,1555,1485,Y,Y,N,N,N,N,37.6513513,127.0772401
SK에너지㈜직영 상계주유소,서울 노원구 노해로 527 (상계동),노원구,SK에너지,1579,1509,N,Y,N,N,N,N,37.6559391,127.0664063
상계동주유소,서울 노원구 노원로26길 191 (상계동),노원구,HD현대오일뱅크,1595,1525,N,N,N,Y,N,N,37.6583938,127.0711375
신성주유소,서울 노원구 월계로 328 (월계동),노원구,S-OIL,1598,1498,Y,Y,N,N,N,Y,37.6287786,127.0573351
하계삼호주유소,서울 노원구 공릉로 294 (하계동),노원구,GS칼텍스,1695,1635,N,N,N,Y,N,N,37.6336171,127.0722855
이케이에너지 주식회사,서울 도봉구 도봉로 941 (도봉동),도봉구,HD현대오일뱅크,1490,1415,Y,Y,N,N,N,N,37.6884305,127.0453374
(주)자연에너지 햇살주유소,서울 도봉구 방학로 142 (방학동),도봉구,HD현대오일뱅크,1499,1424,Y,Y,N,N,N,N,37.6630015,127.0363325
지에스칼텍스㈜ 도봉주유소,서울 도봉구 도봉로 895 (도봉동),도봉구,GS칼텍스,1499,1424,Y,Y,Y,Y,N,Y,37.6843915,127.0456569
삼미북부셀프주유소,서울 도봉구 도봉로 437 (쌍문동),도봉구,SK에너지,1499,1424,Y,Y,N,N,N,Y,37.6498293,127.0200197
지에스칼텍스㈜ 방학동주유소,서울 도봉구 방학로 186,도봉구,GS칼텍스,1499,1424,Y,Y,N,N,N,N,37.6624108,127.0314758
(주)쌍문셀프주유소,서울 도봉구 노해로 161 (쌍문동),도봉구,HD현대오일뱅크,1499,1424,Y,Y,N,Y,N,N,37.649024,127.02688
한이에너지(주) 쌍문주유소,서울 도봉구 도봉로 547 (쌍문동),도봉구,S-OIL,1499,1424,Y,Y,N,Y,N,Y,37.6533557,127.0271003
(주)헨지스에너지 구도일주유소 도봉,서울 도봉구 도봉로 706 (방학동),도봉구,S-OIL,1509,1434,Y,Y,N,Y,N,N,37.66686869999999,127.0435303
극동유화(주) 대안주유소,서울 도봉구 마들로 574 (창동),도봉구,S-OIL,1519,1449,Y,Y,N,Y,N,N,37.6615155,127.0475247
동일석유(주) 창동주유소,서울 도봉구  도봉로 434 (창동),도봉구,SK에너지,1535,1455,Y,Y,N,Y,N,N,37.6446074,127.0327486
오복주유소,서울 도봉구 방학로 43,도봉구,S-OIL,1545,1503,Y,Y,N,N,N,Y,37.662341,127.0474542
노원교주유소,서울 도봉구 마들로 776 (도봉동),도봉구,HD현대오일뱅크,1545,1473,Y,Y,N,N,N,N,37.678983,127.0497224
대성산업(주)신창주유소,서울 도봉구 덕릉로 267 (창동),도봉구,GS칼텍스,1555,1475,Y,Y,N,N,N,Y,37.6413354,127.040236
HD현대오일뱅크㈜직영 영신주유소,서울 도봉구 방학로 151,도봉구,HD현대오일뱅크,1657,1577,N,Y,N,N,N,N,37.6623796,127.0354481
풍한주유소,서울 동대문구 안암로 168,동대문구,SK에너지,1505,1425,N,Y,N,N,N,Y,37.5892531,127.0360122
동서울고속주유소,서울 동대문구 한천로 414,동대문구,SK에너지,1507,1417,Y,N,N,N,N,Y,37.5975419,127.0680331
재정주유소,서울 동대문구 전농로 121 (전농동),동대문구,HD현대오일뱅크,1519,1435,Y,Y,N,N,N,N,37.5757038,127.0574394
재정제2주유소,서울 동대문구 사가정로 90 (전농동),동대문구,HD현대오일뱅크,1519,1435,Y,Y,N,N,N,N,37.5758698,127.0556493
(주)경동주유소,서울 동대문구 이문로 191 (이문동),동대문구,S-OIL,1535,1455,Y,Y,N,N,N,N,37.603596,127.0617855
대성산업㈜청량리주유소,서울 동대문구 왕산로 289 (청량리동),동대문구,GS칼텍스,1545,1465,Y,Y,Y,N,N,Y,37.5814177,127.0450724
대성산업(주)동마장주유소,서울 동대문구 고산자로 405 (용두동),동대문구,GS칼텍스,1545,1465,Y,Y,N,Y,N,Y,37.5756916,127.0377503
홍능주유소,서울 동대문구 홍릉로 87 (청량리동),동대문구,S-OIL,1557,1497,N,Y,N,N,N,N,37.587938,127.0426612
(주)파랑에너지,서울 동대문구 망우로 126,동대문구,GS칼텍스,1559,1475,Y,Y,N,N,Y,N,37.5912312,127.067054
삼영주유소,서울 동대문구 답십리로 258 (장안동),동대문구,SK에너지,1567,1477,N,Y,N,N,N,N,37.5723064,127.0688224
(주)안국에너지 삼원셀프주유소,서울 동대문구 망우로 90 (휘경동),동대문구,SK에너지,1578,1498,Y,Y,N,N,N,N,37.5901827,127.0632663
HD현대오일뱅크㈜직영 스피드주유소,서울 동대문구 천호대로 453 (장안동),동대문구,HD현대오일뱅크,1589,1509,N,Y,N,N,N,Y,37.5632059,127.0696316
삼미상사(주)장안킹셀프주유소,서울 동대문구  한천로 100 (장안동),동대문구,SK에너지,1637,1557,Y,Y,N,N,N,N,37.5790352,127.0696452
배봉로주유소,서울 동대문구 서울시립대로 108,동대문구,HD현대오일뱅크,1655,1560,Y,Y,N,N,N,N,37.5800151,127.0510496
창원이엔지주유소,서울 동작구 사당로 59 (상도동),동작구,HD현대오일뱅크,1565,1465,Y,Y,N,N,N,N,37.4948674,126.9613387
HD현대오일뱅크㈜직영 신대방셀프주유소,서울 동작구 시흥대로 616 (신대방동),동작구,HD현대오일뱅크,1579,1484,Y,Y,N,Y,N,Y,37.48712039999999,126.9056444
HD현대오일뱅크㈜직영 사당셀프주유소,서울 동작구 동작대로 73 (사당동),동작구,HD현대오일뱅크,1594,1549,Y,Y,N,N,N,Y,37.4831082,126.9815397
매일주유소,서울 동작구 상도로 139 (상도동),동작구,S-OIL,1599,1579,Y,Y,N,N,N,N,37.5027348,126.9350838
지에스칼텍스㈜직영 남성주유소,서울 동작구 동작대로 135 (사당동),동작구,GS칼텍스,1599,1559,Y,N,N,N,N,Y,37.4886815,126.9819661
HD현대오일뱅크㈜직영 흑석동셀프주유소,서울 동작구 현충로 101 (흑석동),동작구,HD현대오일뱅크,1599,1559,Y,Y,N,N,N,Y,37.5080132,126.9652693
HD현대오일뱅크㈜직영 동작주유소,서울 동작구 상도로 403 (상도동),동작구,HD현대오일뱅크,1609,1574,N,Y,N,N,N,N,37.4934739,126.9565221
성산대교셀프주유소,서울 마포구 성산로 144,마포구,HD현대오일뱅크,1499,1479,Y,Y,N,Y,N,N,37.5642985,126.9093474
청원주유소,서울 마포구 월드컵북로 113 (성산동),마포구,HD현대오일뱅크,1499,1479,Y,Y,N,N,N,N,37.5628018,126.9150832
에쓰오일(주)마포주유소,서울 마포구 마포대로 186 (공덕동),마포구,S-OIL,1569,1529,Y,Y,N,N,N,N,37.5506305,126.9556511
에쓰오일(주) 염리동주유소,서울 마포구 백범로 126 (염리동),마포구,S-OIL,1569,1529,Y,Y,N,N,N,N,37.5462863,126.9448137
(주)안국에너지 망원동주유소,서울 마포구 월드컵로 119 (망원동),마포구,SK에너지,1588,1528,N,Y,N,N,N,N,37.558782,126.9072526
에스에스오토셀프,서울 마포구 서강로 76 (창전동),마포구,HD현대오일뱅크,1609,1569,Y,Y,N,N,N,Y,37.5498337,126.9325724
(주)만성상사 대흥주유소,서울 마포구 대흥로 61 (대흥동),마포구,SK에너지,1609,1569,N,Y,N,N,N,Y,37.5459548,126.9398991
SK에너지 양지주유소,서울 마포구 마포대로 69 (도화동),마포구,SK에너지,1649,1609,N,N,N,N,Y,Y,37.5377002,126.946403
SK에너지(주) 안국주유소,서울 마포구 양화로 33,마포구,SK에너지,1669,1629,N,N,N,N,N,Y,37.5493064,126.9126217
(주)가재울뉴타운주유소,서울 서대문구 모래내로 205,서대문구,HD현대오일뱅크,1529,1479,Y,N,N,N,Y,Y,37.5732673,126.9224318
(주)미래아스팔트 신우주유소,서울 서대문구 가좌로 106(홍은동),서대문구,S-OIL,1529,1489,Y,Y,N,Y,N,N,37.5822656,126.9266001
(주)한화미 구도일주유소 두꺼비,서울 서대문구 성산로 312,서대문구,S-OIL,1539,1489,Y,Y,N,Y,N,N,37.5660451,126.9249055
(주)안국에너지 삼보셀프주유소,서울 서대문구 연희로 78 (연희동),서대문구,SK에너지,1540,1480,Y,Y,N,Y,N,N,37.5650007,126.9299305
HD현대오일뱅크㈜직영 연세주유소,서울 서대문구 연희로 184,서대문구,HD현대오일뱅크,1544,1489,Y,Y,N,N,N,N,37.5734611,126.935919
지에스칼텍스(주)홍제동주유소,서울 서대문구 통일로 372,서대문구,GS칼텍스,1549,1489,Y,Y,N,N,N,N,37.5835495,126.9501318
HD현대오일뱅크㈜직영 독립문주유소,서울 서대문구 통일로 384 (홍제동),서대문구,HD현대오일뱅크,1549,1489,N,Y,N,N,Y,N,37.59317619999999,126.9467313
행촌제2주유소,서울 서대문구 성산로 490 (대신동),서대문구,SK에너지,1569,1498,Y,Y,N,N,Y,Y,37.5642199,126.9443096
중앙에너비스 동교지점,서울 서대문구 연희로 12 (창천동),서대문구,SK에너지,1575,1495,Y,N,N,N,Y,N,37.5587015,126.9342139
㈜우남에너지 문화사랑주유소,서울 서대문구 세검정로 87 (홍제동),서대문구,S-OIL,1589,1559,Y,Y,N,N,N,N,37.595515,126.9485511
삼미상사(주)서부주유소,서울 서대문구 성산로 255,서대문구,SK에너지,1595,1539,Y,Y,N,Y,Y,N,37.5675895,126.9188473
광호주유소,서울 서대문구 연희로 266 (홍은동),서대문구,SK에너지,1598,1548,N,Y,N,N,N,N,37.5806854,126.9364634
연희주유소,서울 서대문구 연희로 129 (연희동 89-7번지),서대문구,SK에너지,1598,1548,N,Y,N,N,Y,N,37.569286,126.9325313
만남의광장주유소,서울 서초구 양재대로12길 73-71,서초구,알뜰(ex),1501,1407,Y,N,Y,N,Y,Y,37.4600837,127.0421686
극동유화(주) 전당앞주유소,서울 서초구 남부순환로 2391 (서초동),서초구,S-OIL,1555,1475,Y,Y,Y,Y,N,N,37.4805543,127.0118209
양재최고주유소,서울 서초구 매헌로 72 (양재동),서초구,S-OIL,1565,1485,N,Y,N,N,N,N,37.4671577,127.034715
에너지 플러스 허브 내곡,서울 서초구 헌릉로 210,서초구,GS칼텍스,1569,1489,Y,Y,N,N,N,Y,37.4553101,127.0629277
헌릉로주유소,서울 서초구 헌릉로 177 (내곡동),서초구,S-OIL,1569,1489,Y,Y,N,N,N,N,37.4573705,127.0602632
에쓰오일(주)직영 오토테크주유소,서울특별시 서초구  효령로 356 (서초동),서초구,S-OIL,1585,1505,Y,Y,N,Y,N,N,37.4864808,127.0228591
(주)대농석유 남태령주유소,서울 서초구 과천대로 838 (방배동),서초구,SK에너지,1585,1485,Y,Y,N,N,N,N,37.4668958,126.9878319
대성석유(주)연일주유소,서울 서초구 남부순환로 2451,서초구,GS칼텍스,1596,1515,N,Y,N,N,Y,N,37.4825868,127.0185128
서초하이웨이 주유소,서울 서초구 양재대로2길 100-30,서초구,S-OIL,1597,1527,Y,Y,N,N,N,Y,37.4572952,127.0162141
지에스칼텍스(주)선천주유소,서울 서초구 동작대로 206 (방배동),서초구,GS칼텍스,1599,1559,N,Y,N,N,N,N,37.4949425,126.9832056
태봉셀프주유소,서울 서초구 태봉로 117 (우면동),서초구,SK에너지,1607,1535,Y,Y,N,Y,N,N,37.4682757,127.028177
신반포주유소,서울 서초구 사평대로 94 (반포동),서초구,SK에너지,1609,1558,Y,Y,N,N,N,Y,37.498395,126.9948073
HD현대오일뱅크㈜직영 팔레스주유소,서울 서초구 사평대로 136 (반포동),서초구,HD현대오일뱅크,1610,1559,N,N,N,N,N,Y,37.50013939999999,126.9991833
HD현대오일뱅크㈜직영 사평로주유소,서울 서초구 사평대로 350 (서초동),서초구,HD현대오일뱅크,1616,1589,N,Y,N,N,N,N,37.5033026,127.0215211
에너지플러스허브 삼방주유소,서울 서초구 사평대로 364 (서초동),서초구,GS칼텍스,1616,1589,Y,Y,N,N,N,Y,37.5037123,127.0230958
반포그린주유소,서울 서초구 서초중앙로 239 (반포동),서초구,GS칼텍스,1616,1589,Y,Y,N,N,N,N,37.5032325,127.0108559
양재주유소,서울 서초구 바우뫼로 178,서초구,SK에너지,1629,1554,N,Y,N,N,N,Y,37.47808850000001,127.0395922
HD현대오일뱅크㈜직영 양재현대주유소,서울 서초구 마방로 6,서초구,HD현대오일뱅크,1629,1554,N,Y,N,N,N,N,37.4735721,127.0397039
HD현대오일뱅크㈜직영 서초제일주유소,서울 서초구 사임당로 116 (서초동),서초구,HD현대오일뱅크,1632,1581,N,Y,N,N,N,N,37.4905573,127.0226052
HD현대오일뱅크㈜직영 방배현대주유소,서울 서초구 동작대로 182 (방배동),서초구,HD현대오일뱅크,1632,1570,N,Y,N,Y,N,N,37.4928547,126.9831829
대성산업(주)직영 터미널(고속)주유소,서울 서초구 신반포로 222 (반포동),서초구,GS칼텍스,1635,1575,N,Y,N,N,N,Y,37.5067688,127.0088214
대신석유(주)대우주유소,서울 서초구 양재대로 173 (양재동),서초구,SK에너지,1649,1567,Y,Y,N,N,Y,Y,37.4628309,127.0375576
지에스칼텍스(주)남서울주유소,서울 서초구 나루터로 83 (잠원동),서초구,GS칼텍스,1699,1669,N,Y,N,N,Y,Y,37.5161567,127.0189145
방배동주유소,서울 서초구 효령로 29 (방배동),서초구,SK에너지,1893,1796,N,Y,N,N,N,N,37.4781026,126.9877681
대신석유㈜서원주유소,서울 서초구 반포대로 142 (서초동),서초구,SK에너지,1938,1838,N,Y,N,N,N,N,37.4928016,127.0075873
(주)선문에너지 중앙주유소,서울특별시 서초구  바우뫼로 219 (양재1동),서초구,S-OIL,2168,1989,N,Y,N,N,N,N,37.4815514,127.0422343
(주)서울에너지 직영,서울 성동구 천호대로 324 (용답동),성동구,S-OIL,1519,1439,Y,Y,N,N,N,Y,37.56426070000001,127.055685
지에스칼텍스㈜ 도루코주유소,서울 성동구 아차산로 180,성동구,GS칼텍스,1544,1464,Y,Y,N,Y,N,Y,37.5420525,127.0634301
HD현대오일뱅크㈜직영 성동셀프주유소,서울 성동구 마장로 311 (마장동),성동구,HD현대오일뱅크,1555,1470,Y,Y,N,N,N,N,37.5670144,127.0437272
아이콘주유소,서울 성동구 고산자로 273 (도선동),성동구,S-OIL,1558,1478,Y,Y,N,N,N,Y,37.5633832,127.0329388
SK에너지(주) 군자동주유소,서울 성동구 천호대로 446 (용답동),성동구,SK에너지,1599,1519,N,Y,N,N,N,Y,37.56055500000001,127.0683433
삼우주유소,서울 성동구 천호대로 392,성동구,SK에너지,1697,1697,N,Y,N,N,N,N,37.5614303,127.0623272
SK에너지(주) 성수주유소,서울 성동구 뚝섬로 352 (성수동1가),성동구,SK에너지,1728,1675,N,Y,N,N,N,N,37.5399634,127.049938
SK KH에너지 성수만세주유소,서울 성동구 왕십리로 109,성동구,SK에너지,1738,1685,Y,Y,N,N,N,N,37.5475346,127.0442557
SK세원2주유소,서울 성동구 광나루로 184 (성수동1가),성동구,SK에너지,1743,1683,N,Y,N,Y,N,N,37.5509095,127.0505002
동일주유소,서울 성동구 광나루로 254 (성수동2가),성동구,HD현대오일뱅크,1967,1875,N,Y,N,N,N,N,37.548454,127.0578468
청계로주유소,서울 성동구 청계천로 454 (하왕십리동),성동구,SK에너지,1995,1945,N,Y,N,N,N,N,37.5700973,127.0274044
이케이에너지㈜ 강산주유소,서울 성북구 보문로 27 (보문동7가),성북구,GS칼텍스,1505,1415,Y,Y,N,N,N,Y,37.5797789,127.0223627
이케이에너지(주) 강산제2주유소,서울 성북구 보국문로 52,성북구,HD현대오일뱅크,1505,1415,Y,Y,N,N,N,N,37.609185,127.0100314
(주)삼표에너지 정릉주유소,서울 성북구 보국문로 35 (정릉동),성북구,GS칼텍스,1505,1415,Y,Y,N,Y,N,N,37.6076426,127.0099487
장삼 쌍둥이 주유소,서울 성북구 한천로 612 (장위동),성북구,HD현대오일뱅크,1505,1415,Y,Y,N,N,N,N,37.6136043,127.0602993
㈜명연에너지 효성주유소,서울 성북구 화랑로 27,성북구,GS칼텍스,1515,1455,Y,Y,N,Y,N,Y,37.6031281,127.0351726
장위주유소,서울 성북구 화랑로 110 (하월곡동),성북구,S-OIL,1525,1455,Y,Y,N,N,N,Y,37.6046451,127.0393912
지에스칼텍스(주) 종암주유소,서울 성북구 종암로 145 (종암동),성북구,GS칼텍스,1535,1455,Y,Y,N,N,N,Y,37.6027636,127.0320634
(주)성북주유소,서울 성북구 보문로 142,성북구,HD현대오일뱅크,1535,1465,Y,Y,N,N,N,N,37.58757749999999,127.018447
중앙에너비스 종암지점,서울 성북구 종암로 58,성북구,SK에너지,1535,1455,Y,Y,N,N,N,Y,37.5956086,127.0360473
HD현대오일뱅크㈜직영 고대셀프주유소,서울 성북구 종암로 12 (종암동),성북구,HD현대오일뱅크,1535,1455,Y,Y,N,N,N,N,37.5916521,127.0366717
우리주유소,서울 성북구 화랑로 292,성북구,SK에너지,1544,1465,Y,Y,N,Y,N,Y,37.6126118,127.0614248
(주)신용 구도일주유소화랑로,서울 성북구 화랑로 174,성북구,S-OIL,1553,1473,Y,Y,N,Y,N,N,37.6068678,127.0500641
HD현대오일뱅크㈜직영 북악셀프주유소,서울 성북구 정릉로 218 (정릉동),성북구,HD현대오일뱅크,1557,1465,Y,Y,N,N,N,N,37.6055001,127.0085818
동일주유소,서울특별시 성북구  보문로 85 (보문동5가),성북구,S-OIL,1559,1519,Y,Y,N,N,N,Y,37.58270419999999,127.0191918
HD현대오일뱅크㈜직영 아리랑주유소,서울 성북구 아리랑로 96 (정릉동),성북구,HD현대오일뱅크,1570,1529,N,Y,N,N,N,N,37.600488,127.0142664
삼선주유소,서울 성북구 창경궁로 324,성북구,S-OIL,1635,1465,Y,Y,N,N,N,N,37.5879888,127.005574
(주)신화에너지 서울지점,서울 송파구 가락로 47 (석촌동),송파구,SK에너지,1543,1454,Y,Y,N,Y,N,Y,37.4994902,127.1017419
한강에너지(주)퍼스트주유소,서울 송파구 삼학사로 22 (석촌동),송파구,SK에너지,1543,1454,Y,Y,N,Y,N,N,37.4993144,127.0970662
위례제일주유소,서울 송파구 위례서로 260,송파구,S-OIL,1563,1474,Y,Y,N,N,N,N,37.4878153,127.1426953
상아주유소,서울 송파구 거마로 82,송파구,S-OIL,1563,1474,Y,Y,N,N,N,N,37.500202,127.1478703
남성대주유소,서울 송파구 송파대로 52 (장지동),송파구,SK에너지,1573,1484,Y,Y,N,Y,N,Y,37.4753841,127.1275855
삼화주유소,서울 송파구 백제고분로 125,송파구,GS칼텍스,1573,1485,Y,N,N,N,N,Y,37.5065882,127.0810065
위례드림주유소,서울시 송파구  위례중앙로 10,송파구,S-OIL,1573,1484,Y,Y,N,N,N,Y,37.4754274,127.1284707
방이주유소,서울 송파구 위례성대로12길 38 (방이동),송파구,SK에너지,1573,1483,N,Y,N,Y,N,N,37.5106744,127.1208223
지에스칼텍스(주)가든파이브주유소,서울 송파구 탄천동로 740,송파구,GS칼텍스,1573,1484,Y,Y,N,N,Y,Y,37.4972962,127.0892473
(주)삼표에너지 아시아주유소,서울 송파구 도곡로 438 (잠실동),송파구,GS칼텍스,1573,1495,Y,Y,N,N,N,N,37.5045958,127.0773693
(유)호림플러스홀딩스 남성주유소,서울 송파구 백제고분로 474 (방이동),송파구,HD현대오일뱅크,1573,1498,N,Y,N,N,N,N,37.5125917,127.1139709
HD현대오일뱅크㈜직영 잠실셀프주유소,서울 송파구 송파대로 397 (석촌동),송파구,HD현대오일뱅크,1573,1483,Y,N,N,N,N,Y,37.5027277,127.108967
지에스칼텍스(주)스마트위례주유소,서울 송파구 위례중앙로 43 (장지동),송파구,GS칼텍스,1573,1484,Y,Y,N,N,N,N,37.4754161,127.1321545
대성주유소,서울 송파구 마천로 230 (마천동),송파구,SK에너지,1578,1498,N,Y,N,N,N,N,37.500054,127.1431473
백제고분로주유소,서울 송파구 오금로 143 (방이동),송파구,SK에너지,1583,1513,Y,Y,N,Y,Y,Y,37.5122326,127.1168766
(주)유진주유소,서울 송파구 동남로 325 (오금동),송파구,SK에너지,1583,1498,N,Y,N,N,N,N,37.5045778,127.1384385
지에스이앤알 직영 송파제일주유소,서울 송파구 삼학사로 50 (석촌동),송파구,HD현대오일뱅크,1593,1485,Y,Y,N,Y,N,Y,37.5016713,127.0973336
(주)잠실에너지,서울 송파구 송파대로 442 (송파동),송파구,S-OIL,1595,1514,Y,Y,N,Y,N,Y,37.5051072,127.1135469
(주)정직한주유소,서울 송파구 오금로 455 (거여동),송파구,HD현대오일뱅크,1597,1537,Y,Y,N,N,N,N,37.4897279,127.1449912
대성석유(주)석촌주유소,서울 송파구 백제고분로 289,송파구,GS칼텍스,1597,1527,N,N,N,Y,N,N,37.5028242,127.0985725
제트라인DM주유소,서울 송파구 중대로 183 (가락동),송파구,HD현대오일뱅크,1598,1528,N,N,N,Y,N,N,37.4985047,127.125431
완불주유소,서울 송파구 송파대로 3 (장지동),송파구,SK에너지,1598,1542,Y,Y,N,N,N,Y,37.4711097,127.1261708
송파주유소,서울 송파구 송이로 28 (송파동),송파구,GS칼텍스,1615,1545,Y,N,N,Y,N,N,37.5088494,127.1064009
(주)삼표에너지 우리주유소,서울 송파구 동남로 153,송파구,GS칼텍스,1617,1547,Y,Y,N,N,N,N,37.49238570000001,127.1273583
(주)삼표에너지 훼미리주유소,서울 송파구 중대로 58 (문정동),송파구,GS칼텍스,1627,1557,N,Y,N,N,N,N,37.4912353,127.1153533
HD현대오일뱅크㈜직영 올림픽셀프주유소,서울 송파구 위례성대로 188 (오금동),송파구,HD현대오일뱅크,1648,1578,Y,Y,N,Y,N,Y,37.509825,127.131607
대신석유(주)진양주유소,서울 송파구 올림픽로 499 (풍납동),송파구,SK에너지,1838,1738,N,Y,N,N,N,N,37.5336683,127.1206178
양천구주유소,서울 양천구 국회대로 275 (목동),양천구,알뜰주유소,1494,1419,Y,Y,N,Y,N,Y,37.5303149,126.8655168
현대주유소,서울 양천구 남부순환로 372 (신월동),양천구,S-OIL,1494,1419,Y,Y,N,N,N,N,37.5338727,126.8292625
플라트(주)서호주유소,서울 양천구 남부순환로 317,양천구,GS칼텍스,1494,1419,Y,Y,N,Y,N,N,37.5386609,126.8268367
가로공원주유소,서울 양천구 가로공원로 165 (신월동),양천구,SK에너지,1494,1419,N,Y,N,N,N,Y,37.5370157,126.8342852
개나리Self주유소,서울 양천구 남부순환로 442 (신월동),양천구,SK에너지,1515,1435,Y,Y,N,Y,N,N,37.5282825,126.8329476
형산석유(주)원주유소,서울 양천구 남부순환로 408,양천구,HD현대오일뱅크,1515,1435,N,Y,N,Y,N,N,37.53113889999999,126.8309818
신정동주유소,서울 양천구 안양천로 663 (신정동),양천구,HD현대오일뱅크,1539,1479,Y,Y,N,N,Y,N,37.5065537,126.8711542
HD현대오일뱅크㈜직영 남부순환셀프주유소,서울 양천구 남부순환로 553 (신월동),양천구,HD현대오일뱅크,1539,1499,Y,Y,N,N,Y,Y,37.5194921,126.8388027
현대오일뱅크(주)직영 양천셀프주유소,서울 양천구 목동로 17,양천구,HD현대오일뱅크,1544,1495,Y,Y,N,N,N,N,37.5106675,126.8710352
목동주유소,서울 양천구 목동중앙로 125 (목동),양천구,SK에너지,1567,1492,Y,Y,N,N,N,N,37.5396159,126.8745755
(주)삼표에너지 목동주유소,서울 양천구 목동서로 129 (목동),양천구,GS칼텍스,1569,1494,Y,Y,N,N,N,N,37.5321651,126.8755188
지에스이앤알 직영 서울주유소,서울 양천구 신정로 236 (신정동),양천구,GS칼텍스,1569,1479,Y,Y,N,N,N,N,37.510561,126.8476971
지에스칼텍스㈜ 건지주유소,서울 양천구 안양천로 1171 (목동),양천구,GS칼텍스,1569,1494,Y,Y,N,N,N,N,37.5453243,126.8821112
현대오일뱅크(주)직영 양천현대셀프주유소,서울 양천구 안양천로 1179 (목동),양천구,HD현대오일뱅크,1569,1494,Y,Y,Y,Y,Y,Y,37.5459778,126.8813541
삼미상사(주)신월IC셀프주유소,서울 양천구 중앙로 331 (신월동),양천구,SK에너지,1584,1479,Y,N,N,Y,N,N,37.5255016,126.8497956
SK에너지(주) 신평,서울 양천구 목동남로 62,양천구,SK에너지,1589,1524,N,Y,N,Y,N,N,37.5093842,126.866217
SK에너지(주) 경인주유소,서울 양천구 국회대로 170 (신정동),양천구,SK에너지,1589,1524,Y,Y,N,N,N,N,37.5281554,126.8538235
(주)서부트럭터미날,서울 양천구 신정로 167 (신정동),양천구,HD현대오일뱅크,1599,1499,N,Y,N,N,N,N,37.5094872,126.8392408
현대오일뱅크(주)직영 신목동셀프주유소,서울 양천구 목동동로10길 13,양천구,HD현대오일뱅크,1649,1611,Y,Y,N,Y,N,N,37.5195788,126.8710739
신양주유소,서울 양천구 지양로 67,양천구,SK에너지,1669,1599,N,Y,N,N,N,N,37.5215246,126.8338425
남서울고속주유소,서울 영등포구 가마산로 367 (대림동),영등포구,SK에너지,1489,1414,Y,Y,N,N,N,Y,37.5016028,126.8988662
영등포제일셀프주유소,서울 영등포구 가마산로 379,영등포구,HD현대오일뱅크,1489,1414,Y,Y,N,Y,N,N,37.5023476,126.8995031
(주)강서오일,서울 영등포구 도신로 151,영등포구,HD현대오일뱅크,1515,1425,Y,N,N,N,N,Y,37.5100219,126.908238
영등포현대셀프주유소,서울 영등포구 경인로 822 (영등포동),영등포구,HD현대오일뱅크,1515,1425,Y,N,N,N,Y,N,37.5153398,126.9044905
한경석유(주)경덕주유소,서울 영등포구 여의대방로23길 2 (신길동),영등포구,SK에너지,1515,1425,Y,Y,N,N,N,N,37.5176968,126.9169974
도림주유소,서울 영등포구 도림로 343 (도림동),영등포구,알뜰주유소,1515,1425,Y,N,N,Y,N,N,37.5077607,126.9002361
지에스칼텍스㈜ 신길주유소,서울 영등포구 신길로 74 (신길동),영등포구,GS칼텍스,1515,1429,Y,Y,N,N,N,Y,37.4990517,126.9087328
(주)MS에너지,서울 영등포구 대림로 230,영등포구,HD현대오일뱅크,1515,1425,N,Y,N,N,N,N,37.5013367,126.8974358
행촌주유소,서울 영등포구 도신로 130 (신길동),영등포구,SK에너지,1515,1425,Y,Y,N,N,Y,Y,37.5086161,126.9062365
(주)대청에너지 대청주유소,서울 영등포구 가마산로 328 (대림동),영등포구,GS칼텍스,1515,1425,Y,Y,N,Y,N,Y,37.4985472,126.895759
성락주유소,서울 영등포구 가마산로 414 (신길동),영등포구,S-OIL,1515,1425,Y,Y,N,N,N,N,37.503825,126.902869
매봉주유소,서울 영등포구 도신로 248 (신길동),영등포구,HD현대오일뱅크,1545,1445,Y,Y,N,Y,N,N,37.51308849999999,126.9183345
㈜지에스이앤알 모드니주유소,서울 영등포구 경인로 789,영등포구,GS칼텍스,1575,1489,N,Y,N,N,N,N,37.5146455,126.9007596
(주)지에스이앤알 보라주유소,서울 영등포구 영등포로 399 (신길동),영등포구,GS칼텍스,1585,1489,N,Y,N,N,N,N,37.5135359,126.9227357
SK에너지(주) 신길동주유소,서울 영등포구 영등포로 348 (신길동),영등포구,SK에너지,1594,1505,N,Y,N,N,N,N,37.5153215,126.9170112
(주)한미석유 제2한강주유소,서울 영등포구 선유로 260 (양평동4가),영등포구,GS칼텍스,1599,1535,Y,Y,N,N,N,N,37.5375352,126.8970104
SK에너지(주) 양평주유소,서울 영등포구 선유로 195 (양평동3가),영등포구,SK에너지,1599,1535,Y,Y,N,N,N,Y,37.5290356,126.8910476
선유도주유소,서울 영등포구 양평로 141 (양평동5가),영등포구,S-OIL,1599,1534,Y,Y,N,N,N,N,37.5393663,126.8926449
SK에너지(주) 기린주유소,서울 영등포구 선유로 270,영등포구,SK에너지,1609,1539,Y,Y,N,N,Y,Y,37.5360437,126.899268
국회대로주유소,서울 영등포구 국회대로 746 (여의도동),영등포구,HD현대오일뱅크,1975,1895,N,Y,N,N,N,N,37.52799359999999,126.916041
버드나룻길주유소,서울 영등포구 버드나루로 111 (당산동),영등포구,SK에너지,1995,1945,N,Y,N,N,N,N,37.5280177,126.9078708
SK KH에너지 여의도주유소,서울 영등포구 국회대로 794 (여의도동),영등포구,SK에너지,2195,2189,N,Y,N,N,N,N,37.5307944,126.9203901
SJ오일(주) 여의도주유소,서울 영등포구 은행로 64,영등포구,GS칼텍스,2295,2395,N,Y,Y,N,Y,Y,37.53037990000001,126.9255782
HD현대오일뱅크㈜직영 한남동주유소,서울 용산구 한남대로 204 (한남동),용산구,HD현대오일뱅크,1799,1699,N,Y,N,Y,N,N,37.5459695,127.0028749
(주)영원 풍기주유소,서울 용산구 원효로 178 (원효로2가),용산구,GS칼텍스,2020,1936,N,N,N,N,Y,N,37.5356171,126.9627002
(주)신태성주유소,서울 용산구 원효로 147 (원효로3가),용산구,SK에너지,2042,1955,N,Y,N,N,N,N,37.5337268,126.9561284
동자동주유소,서울 용산구 한강대로104길 6 (동자동),용산구,SK에너지,2050,1922,N,Y,N,N,N,N,37.5527936,126.9747968
HD현대오일뱅크㈜직영 갈월동주유소,서울특별시 용산구  한강대로 322 (남영동),용산구,HD현대오일뱅크,2050,1922,N,Y,N,Y,N,N,37.5470375,126.9722357
HD현대오일뱅크(주)직영 소월길주유소,서울 용산구 소월로 66 (후암동),용산구,HD현대오일뱅크,2054,1921,N,Y,N,N,N,N,37.5505845,126.9769958
HD현대오일뱅크㈜직영 강변현대주유소,서울 용산구 원효로 9 (청암동),용산구,HD현대오일뱅크,2054,1991,N,Y,N,Y,N,N,37.53449570000001,126.9466634
(주)남경주유소,서울 용산구 녹사평대로11길 24,용산구,SK에너지,2064,1959,N,Y,N,Y,N,Y,37.522633,126.9931266
한석주유소,서울 용산구 이촌로 164,용산구,SK에너지,2230,2153,N,Y,N,N,N,Y,37.5213901,126.965557
에너비스,서울 용산구 한남대로 82 (한남동),용산구,SK에너지,2267,2167,N,Y,N,N,N,N,37.5360412,127.0061276
서계주유소,서울 용산구  청파로 367 (청파동),용산구,GS칼텍스,2609,2729,N,Y,N,N,N,N,37.5523286,126.9689462
(주)디오티디 은평유니콘주유소,서울 은평구 통일로 1151 (진관동),은평구,HD현대오일뱅크,1484,1384,N,Y,N,N,N,N,37.6432264,126.9200074
타이거주유소,서울 은평구 수색로 188 (증산동),은평구,SK에너지,1484,1434,Y,Y,N,N,N,N,37.5851478,126.9041521
(주)명연에너지 수색훼미리주유소,서울 은평구 수색로 236 (수색동),은평구,HD현대오일뱅크,1485,1445,Y,Y,N,N,N,N,37.5810937,126.8977068
지에스칼텍스(주)수색뉴타운주유소,서울 은평구 수색로 350 (수색동),은평구,GS칼텍스,1495,1445,Y,Y,N,N,N,N,37.5871708,126.8875393
불광주유소,서울 은평구 연서로 314 (불광동),은평구,HD현대오일뱅크,1528,1468,Y,Y,N,N,N,N,37.6203973,126.9237684
지에스칼텍스㈜ 서부주유소,서울 은평구 응암로 210 (응암동),은평구,GS칼텍스,1534,1494,Y,Y,N,Y,N,N,37.5907918,126.9178076
지에스칼텍스㈜ 신사제일주유소,서울 은평구 증산로 423 (신사동),은평구,GS칼텍스,1534,1494,Y,Y,N,N,N,Y,37.595613,126.9072033
대성산업㈜ 대성주유소,서울 은평구 통일로 642,은평구,GS칼텍스,1555,1478,Y,Y,N,N,N,Y,37.6040651,126.9352558
박석고개주유소,서울 은평구 통일로 945 (갈현동),은평구,SK에너지,1557,1497,Y,Y,N,N,N,Y,37.621541,126.913578
은평뉴타운주유소,서울 은평구 통일로 924 (불광동),은평구,SK에너지,1557,1497,Y,Y,N,Y,N,N,37.6252977,126.9204031
성원이앤에스(주)은평지점,서울 은평구 통일로 968 (진관동),은평구,GS칼텍스,1557,1497,Y,Y,N,N,N,N,37.629232,126.919704
코끼리주유소,서울 은평구 서오릉로 41 (녹번동),은평구,자가상표,1653,1573,N,Y,N,N,N,N,37.6032738,126.9294193
㈜지에스이앤알 평창주유소,서울 종로구 평창문화로 135 (평창동),종로구,HD현대오일뱅크,1694,1655,Y,Y,N,N,N,N,37.6097352,126.974513
안풍주유소,서울 종로구 자하문로 303,종로구,S-OIL,1699,1669,N,Y,N,N,N,N,37.5992064,126.9591445
자하문주유소,서울 종로구 자하문로 248 (부암동),종로구,SK에너지,1699,1669,Y,Y,N,N,N,N,37.592748,126.9664018
구도일주유소특종,서울 종로구 평창문화로 90 (평창동),종로구,S-OIL,1730,1660,N,Y,N,N,N,N,37.6066898,126.9710988
SK북악주유소,서울 종로구 평창문화로 137,종로구,SK에너지,2198,2098,N,Y,N,N,N,N,37.6098636,126.9748982
약수주유소,서울 중구 다산로 173,중구,SK에너지,1579,1479,Y,Y,N,Y,N,Y,37.5590258,127.0126614
세화주유소,서울 중구 왕십리로 403,중구,알뜰주유소,1618,1538,N,Y,N,Y,N,Y,37.5647309,127.0255275
장충드림주유소,서울 중구 동호로 296,중구,S-OIL,1695,1595,Y,Y,N,N,N,N,37.5608503,127.0034182
장충주유소,서울 중구 장충단로 202 (장충동1가),중구,SK에너지,1968,1939,N,Y,N,N,N,Y,37.5609763,127.0075809
신당동주유소,서울 중구 다산로 242 (신당동),중구,SK에너지,1998,1948,N,Y,N,N,N,Y,37.5646022,127.01641
필동주유소,서울 중구 퇴계로 196 (필동2가),중구,GS칼텍스,2399,2319,N,N,N,N,N,Y,37.5587734,126.9947209
서남주유소,서울 중구 통일로 30,중구,SK에너지,2611,2528,N,Y,N,N,N,Y,37.5583749,126.9720939
대원주유소,서울 중랑구 동일로 600,중랑구,GS칼텍스,1497,1407,Y,Y,N,N,N,N,37.5840333,127.0801082
면목SELF주유소,서울 중랑구 동일로 627 (면목동),중랑구,SK에너지,1497,1407,Y,Y,N,Y,N,N,37.5863498,127.0795885
대양주유소,서울 중랑구 봉우재로 105 (상봉동),중랑구,GS칼텍스,1517,1427,Y,Y,N,N,N,N,37.5925921,127.0848788
구도일주유소 동천,서울 중랑구 동일로 654 (면목동),중랑구,S-OIL,1517,1427,Y,Y,N,N,N,N,37.5890734,127.0802447
우림주유소,서울 중랑구 용마산로 487 (망우제3동),중랑구,GS칼텍스,1527,1428,Y,Y,N,N,N,N,37.5923318,127.0991054
오천만주유소,서울 중랑구 동일로 547 (면목동),중랑구,S-OIL,1527,1437,Y,Y,N,N,N,N,37.5791224,127.0793311
(주)태영 구도일주유소 한인,서울 중랑구 망우로 170 (상봉동),중랑구,S-OIL,1547,1457,Y,Y,N,Y,N,N,37.5924655,127.071908
신내주유소,서울 중랑구 용마산로 705 (신내동),중랑구,SK에너지,1563,1482,Y,Y,N,N,N,N,37.617125,127.0958962
범아주유소,서울 중랑구 동일로 881 (묵동),중랑구,S-OIL,1588,1498,N,Y,N,Y,N,N,37.6093111,127.0776725
용마로주유소,서울 중랑구 용마산로 309 (면목동),중랑구,SK에너지,1588,1488,Y,Y,N,N,N,N,37.5798777,127.0921819
신일셀프주유소,서울 중랑구 상봉로 58 (망우동),중랑구,SK에너지,1598,1498,Y,Y,N,Y,N,Y,37.5909419,127.0938066
